date,draw_number,jackpot_status,m1,m2,m3,m4,m5,m6,bonus,powerball
2026-04-01,2573,"$1,000,000",1,2,24,25,30,38,39,1
2026-04-04,2574,"$1,000,000",1,9,25,30,38,40,22,4
2026-04-08,2575,"$1,000,000",7,14,16,29,32,35,12,1
2026-04-11,2576,"$1,000,000",8,22,24,25,29,38,3,4
2026-04-15,2577,"$1,000,000",5,12,29,32,33,40,17,5
2026-04-18,2578,"$1,000,000",1,2,9,19,21,34,24,6
2026-04-22,2579,"$1,000,000",1,6,11,19,28,34,4,5
2026-04-25,2580,"$1,000,000",1,9,14,24,26,32,15,2
2026-04-29,2581,"$1,000,000",7,9,12,21,31,33,26,1
2026-05-02,2582,"$1,000,000",14,15,17,25,29,30,13,3
2026-05-06,2583,"$1,000,000",3,4,16,22,24,34,38,10
2026-05-09,2584,"$1,000,000",3,10,12,18,26,32,36,5
2026-05-13,2585,"$1,000,000",2,5,6,12,14,28,34,6
2026-05-16,2586,"$1,000,000",6,8,13,17,34,36,28,5
2026-05-20,2587,"$1,000,000",8,10,12,14,20,23,40,6
2026-05-23,2588,"$1,000,000",5,11,22,24,34,36,10,1
2026-05-27,2589,"$1,000,000",6,17,19,21,27,32,28,10
2026-05-30,2590,"$1,000,000",8,10,29,35,36,39,3,3
2026-06-03,2591,"$1,000,000",1,4,9,11,13,36,24,9
2026-06-06,2592,"$1,000,000",3,22,29,37,39,40,13,1
2026-06-10,2593,Rollover,2,7,12,17,21,37,35,6
2026-06-13,2594,"$1,000,000",7,8,13,32,33,37,22,5
2026-06-17,2595,Rollover,3,7,10,31,35,37,16,3
2026-06-20,2596,"$1,000,000",6,9,27,28,30,32,36,9
2026-06-24,2597,Rollover,5,7,12,30,32,36,40,6
2026-06-27,2598,"$1,000,000",2,7,21,24,29,37,17,10
2026-07-01,2599,"$1,000,000",1,7,11,32,35,40,39,1
2026-07-04,2600,"$1,000,002",2,15,17,18,26,30,28,9
2026-07-08,2601,"$1,000,000",12,15,27,28,35,40,9,7
2026-07-11,2602,Rollover,10,21,22,26,37,40,15,6
2026-07-15,2603,"$1,000,000",6,10,14,19,20,27,39,1
2026-07-18,2604,"$1,000,000",13,28,30,31,34,35,10,9
2026-07-22,2605,"$1,000,000",3,18,25,26,30,34,37,10
2026-07-25,2606,"$1,000,000",1,12,14,18,22,29,32,8
2026-07-29,2607,"$1,000,000",8,19,21,32,33,35,17,6
2026-08-01,2608,"$1,000,000",8,14,15,24,26,30,7,4
2026-08-05,2609,Rollover,4,13,16,24,32,37,38,2
2026-08-08,2610,"$1,000,000",9,13,21,24,25,35,5,8
2026-08-12,2611,"$1,000,000",2,8,13,19,28,39,24,9
2026-08-15,2612,"$1,000,000",14,15,17,22,32,40,3,9
2026-08-19,2613,"$1,000,000",13,16,19,20,25,37,12,10
2026-08-22,2614,"$1,000,000",3,14,20,22,37,40,12,5
2026-08-26,2615,"$1,000,000",11,13,14,21,27,39,32,8
2026-08-29,2616,"$1,000,000",2,5,20,24,25,31,18,5
2026-09-02,2617,"$1,000,000",4,8,22,25,32,38,34,3
2026-09-05,2618,"$1,000,000",3,14,16,23,31,34,33,7
2026-09-09,2619,"$1,000,000",4,7,20,23,33,34,29,3
